<?xml version="1.0" encoding="UTF-8"?>
<!DOCTYPE mapper PUBLIC "-//mybatis.org//DTD Mapper 3.0//EN" "http://mybatis.org/dtd/mybatis-3-mapper.dtd">

<mapper namespace="com.miner.dao.PricingPackDao">

	<!-- 可根据自己的需求，是否要使用 -->
    <resultMap type="com.miner.entity.PricingPackEntity" id="pricingPackMap">
        <result property="pricingPackId" column="pricing_pack_id"/>
        <result property="price" column="price"/>
        <result property="packData" column="pack_data"/>
    </resultMap>

	<select id="queryObject" resultType="com.miner.entity.PricingPackEntity">
		select * from pricing_pack where pricing_pack_id = #{value}
	</select>

	<select id="queryList" resultType="com.miner.entity.PricingPackEntity">
		select * from pricing_pack
        <choose>
            <when test="sidx != null and sidx.trim() != ''">
                order by ${sidx} ${order}
            </when>
			<otherwise>
                order by pricing_pack_id desc
			</otherwise>
        </choose>
		<if test="offset != null and limit != null">
			limit #{offset}, #{limit}
		</if>
	</select>
	
 	<select id="queryTotal" resultType="int">
		select count(*) from pricing_pack 
	</select>
	 
	<insert id="save" parameterType="com.miner.entity.PricingPackEntity" useGeneratedKeys="true" keyProperty="pricingPackId">
		insert into pricing_pack
		<set>
			<if test="price != null">`price` = #{price}, </if>
			<if test="packData != null">`pack_data` = #{packData}</if>
		</set>
	</insert>
	 
	<update id="update" parameterType="com.miner.entity.PricingPackEntity">
		update pricing_pack 
		<set>
			<if test="price != null">`price` = #{price}, </if>
			<if test="packData != null">`pack_data` = #{packData}</if>
		</set>
		where pricing_pack_id = #{pricingPackId}
	</update>
	
	<delete id="delete">
		delete from pricing_pack where pricing_pack_id = #{value}
	</delete>
	
	<delete id="deleteBatch">
		delete from pricing_pack where pricing_pack_id in 
		<foreach item="pricingPackId" collection="array" open="(" separator="," close=")">
			#{pricingPackId}
		</foreach>
	</delete>

</mapper>