<?xml version="1.0" encoding="UTF-8"?>
<!DOCTYPE mapper PUBLIC "-//mybatis.org//DTD Mapper 3.0//EN" "http://mybatis.org/dtd/mybatis-3-mapper.dtd">

<mapper namespace="com.miner.dao.OrgInfoDao">

	<!-- 可根据自己的需求，是否要使用 -->
    <resultMap type="com.miner.entity.OrgInfoEntity" id="orgInfoMap">
        <result property="orgId" column="org_id"/>
        <result property="cPhone" column="c_phone"/>
        <result property="cName" column="c_name"/>
        <result property="orgName" column="org_name"/>
        <result property="orgAddr" column="org_addr"/>
        <result property="createTime" column="create_time"/>
    </resultMap>

	<select id="queryObject" resultType="com.miner.entity.OrgInfoEntity">
		select * from org_info where org_id = #{value}
	</select>

	<select id="queryList" resultType="com.miner.entity.OrgInfoEntity">
		select * from org_info
        <choose>
            <when test="sidx != null and sidx.trim() != ''">
                order by ${sidx} ${order}
            </when>
			<otherwise>
                order by org_id desc
			</otherwise>
        </choose>
		<if test="offset != null and limit != null">
			limit #{offset}, #{limit}
		</if>
	</select>
	
 	<select id="queryTotal" resultType="int">
		select count(*) from org_info 
	</select>
	 
	<insert id="save" parameterType="com.miner.entity.OrgInfoEntity" useGeneratedKeys="true" keyProperty="orgId">
		insert into org_info
		<set>
			<if test="cPhone != null">`c_phone` = #{cPhone}, </if>
			<if test="cName != null">`c_name` = #{cName}, </if>
			<if test="orgName != null">`org_name` = #{orgName}, </if>
			<if test="orgAddr != null">`org_addr` = #{orgAddr}, </if>
			<if test="createTime != null">`create_time` = #{createTime}</if>
		</set>
	</insert>
	 
	<update id="update" parameterType="com.miner.entity.OrgInfoEntity">
		update org_info 
		<set>
			<if test="cPhone != null">`c_phone` = #{cPhone}, </if>
			<if test="cName != null">`c_name` = #{cName}, </if>
			<if test="orgName != null">`org_name` = #{orgName}, </if>
			<if test="orgAddr != null">`org_addr` = #{orgAddr}, </if>
			<if test="createTime != null">`create_time` = #{createTime}</if>
		</set>
		where org_id = #{orgId}
	</update>
	
	<delete id="delete">
		delete from org_info where org_id = #{value}
	</delete>
	
	<delete id="deleteBatch">
		delete from org_info where org_id in 
		<foreach item="orgId" collection="array" open="(" separator="," close=")">
			#{orgId}
		</foreach>
	</delete>

</mapper>